reviewId,userId,businessName,reviewerName,platform,date,rating,reviewText,sentimentScore,sentimentCategory,responseStatus,verifiedPurchase
9b45cac8-1c57-405e-bad8-773abc6a554c,c5148a8f-798a-4871-a66f-661e41a16c82,Paula Barton's Restaurant,Molly Stokes,Manual Import,2023-05-09T15:42:59-04:00,4,Highly recommend! Everything was perfect. Ulciscor utpote nostrum collum vitae carpo numquam volubilis.,0.8251624732885018,Positive,Pending,false
a9d53a9c-823c-4071-bb3c-ad4b6224a4b8,c5148a8f-798a-4871-a66f-661e41a16c82,Paula Barton's Restaurant,Mr. Matt Klein,Yelp,2023-06-20T01:01:16-04:00,1,Very disappointing experience at this Restaurant. Dedecor aspernatur vitae.,-0.8302245407918786,Negative,Ignored,false
0d14a643-2ecf-4e1c-9d85-a2574c4ec873,c5148a8f-798a-4871-a66f-661e41a16c82,Paula Barton's Restaurant,Ricardo Smith,Yelp,2023-09-27T12:17:01-04:00,3,Average experience. Nothing special but not terrible. Thalassinus vere certe voluptate cito vespillo thymbra vorago suspendo deleniti.,0.1870311705498635,Neutral,Responded,true
5ebb34f8-7c4c-4d12-a26a-18f39618aac3,6e4cebf3-7233-4f1e-a43a-14860503a894,Raul Bergnaum's Restaurant,Janet Jakubowski,Google,2023-05-05T14:15:34-04:00,4,Outstanding experience! The best Restaurant in town. Abundans incidunt deporto civitas ut harum.,0.9664224228224867,Positive,Pending,false
e00446bf-e3eb-49d6-b227-48917f94381f,6e4cebf3-7233-4f1e-a43a-14860503a894,Raul Bergnaum's Restaurant,Santos Leuschke,Facebook,2023-11-08T23:03:33-05:00,2,Would not recommend. Poor service quality. Demens occaecati tero.,-0.7194931638354489,Negative,Ignored,false
8a3b8d37-0167-4b30-b385-d788c142320c,6e4cebf3-7233-4f1e-a43a-14860503a894,Raul Bergnaum's Restaurant,Kelly Bernhard,Facebook,2023-10-25T12:25:44-04:00,2,Very disappointing experience at this Restaurant. Vinitor adhuc defero viriliter altus teres deripio confugo sortitus.,-0.9985256572620629,Negative,Responded,false
f3bf3230-6f0c-48d7-8aef-216efd236834,96618b1e-d52a-4c81-be3e-08a52e055617,Patrick Carter DVM's Retail,Aubrey Fadel,Facebook,2023-09-23T03:39:38-04:00,1,Would not recommend. Poor service quality. Comparo video delibero patrocinor adhuc somnus temporibus contigo tergum.,-0.8860260802980373,Negative,Ignored,false
ac8374bf-6569-49a9-9b7d-78fe1570531d,96618b1e-d52a-4c81-be3e-08a52e055617,Patrick Carter DVM's Retail,Stewart Legros,Manual Import,2023-06-09T13:36:53-04:00,1,Terrible experience - needs serious improvement. Voco pariatur adiuvo usitas sto surgo ubi.,-0.5319340917599834,Negative,Pending,false
c60aae59-c02e-4f03-94c7-941bc982680a,96618b1e-d52a-4c81-be3e-08a52e055617,Patrick Carter DVM's Retail,Joanna Corkery,Yelp,2023-05-09T17:59:14-04:00,3,Average experience. Nothing special but not terrible. Defessus quo tabesco cultura territo vulgus.,0.013876517879246153,Neutral,Ignored,true
200d72a9-874c-460d-85c0-ef70efd5ad22,31482592-0dab-4c4a-8abe-cb4901a8c734,Bill Nikolaus's Service,Violet Goodwin,Manual Import,2023-01-16T18:02:39-05:00,5,Highly recommend! Everything was perfect. Absorbeo amplexus urbs.,0.7398152547553586,Positive,Ignored,false
83e7b2de-da27-4119-9d0a-21f838ba8b93,31482592-0dab-4c4a-8abe-cb4901a8c734,Bill Nikolaus's Service,Kristine Doyle,Yelp,2023-10-30T03:51:27-04:00,5,Excellent service! Will definitely return to this Service again. Ante eum spoliatio terreo eum terra.,0.9713690669040186,Positive,Pending,true
4befb634-2157-4b15-a5da-f3068b3add60,31482592-0dab-4c4a-8abe-cb4901a8c734,Bill Nikolaus's Service,Vickie Buckridge Jr.,Facebook,2023-12-01T20:49:43-05:00,5,Outstanding experience! The best Service in town. Vitiosus quae asperiores vespillo tempus.,0.7981051223173935,Positive,Responded,true
34736de6-b45e-44ea-9d4d-b804f09c101d,aaa08666-6013-4535-aee4-c4a63a0992a8,Elizabeth Kohler's Retail,Faith Dooley,Yelp,2023-05-21T16:51:48-04:00,1,Very disappointing experience at this Retail. Ullam creber cupressus esse velum spoliatio omnis.,-0.9360662051446338,Negative,Responded,false
58dbb4f4-76fd-4f13-b75d-fb920d50f3e2,aaa08666-6013-4535-aee4-c4a63a0992a8,Elizabeth Kohler's Retail,Gayle Johns PhD,Yelp,2023-03-02T19:29:05-05:00,3,Decent Retail, but room for improvement. Vetus valde amicitia antea demum adsum utor crapula.,0.18396687244829518,Neutral,Responded,true
4feb087e-290c-40a8-b470-85c69dcc30eb,aaa08666-6013-4535-aee4-c4a63a0992a8,Elizabeth Kohler's Retail,Noah Raynor Jr.,Yelp,2023-03-04T07:44:30-05:00,2,Very disappointing experience at this Retail. Congregatio cras solvo caterva.,-0.7136727960437299,Negative,Pending,false
217326f7-848c-484f-9ddd-769ad703136a,3d8114cf-8222-427e-bdaa-fb5d09be6d2d,Perry Kozey's Freelancer,Grant Predovic DDS,Manual Import,2023-12-23T05:40:10-05:00,4,Excellent service! Will definitely return to this Freelancer again. Vulgivagus attero colo cum pauper creator conturbo cunabula absens arcesso.,0.9617740915962676,Positive,Pending,true
150e6cde-7302-4a85-b09c-85010a83217a,3d8114cf-8222-427e-bdaa-fb5d09be6d2d,Perry Kozey's Freelancer,Caroline Nicolas,Google,2023-05-05T08:11:42-04:00,3,Decent Freelancer, but room for improvement. Natus suasoria amplexus.,-0.1875364961828782,Neutral,Pending,false
ef8bfd31-9ede-4db9-bd76-e7291c93c03c,3d8114cf-8222-427e-bdaa-fb5d09be6d2d,Perry Kozey's Freelancer,Wallace Reichel,Manual Import,2023-06-19T21:41:06-04:00,1,Terrible experience - needs serious improvement. Avarus voro apparatus pecto conservo absconditus cicuta urbanus tego tolero.,-0.8616486064731722,Negative,Responded,true
54f62ef0-42c0-4e6c-ab02-14b221852ac1,14a7e716-aa75-4bf7-8985-0491563be2a0,Freddie Sipes's Service,Julio Pagac,Google,2023-07-21T15:52:00-04:00,4,Highly recommend! Everything was perfect. Distinctio sperno ante vivo solvo civitas esse.,0.9712582996169044,Positive,Ignored,false
5acd9b78-0e06-4945-87c9-58dc0652e411,14a7e716-aa75-4bf7-8985-0491563be2a0,Freddie Sipes's Service,Ann Sawayn Sr.,Facebook,2023-03-11T23:53:08-05:00,5,Highly recommend! Everything was perfect. Modi tero annus quam tergiversatio civitas celo ter corrumpo delego.,0.732545862283284,Positive,Ignored,true
76619b62-7c7e-48e8-928a-e32a49a99ae8,14a7e716-aa75-4bf7-8985-0491563be2a0,Freddie Sipes's Service,Candace Goldner-Koelpin,Yelp,2023-03-10T23:41:59-05:00,1,Very disappointing experience at this Service. Aperio claro subvenio aliquam inventore cupiditate.,-0.44660427440501294,Negative,Ignored,true
1f4873ef-99b5-4953-a23e-058cfa3a0717,8b9d9947-d2ea-4013-99e5-c22eeefc3fa4,Clayton O'Hara's Freelancer,Daryl Jacobson,Google,2023-12-11T15:03:50-05:00,3,Decent Freelancer, but room for improvement. Possimus peccatus ascit spiculum deleo abundans comitatus culpa voluptate dedico.,-0.23466193747771136,Neutral,Ignored,true
b22f7fbf-6aee-403f-a606-c186b48f2ddb,8b9d9947-d2ea-4013-99e5-c22eeefc3fa4,Clayton O'Hara's Freelancer,Philip Funk,Manual Import,2023-07-07T03:33:01-04:00,4,Excellent service! Will definitely return to this Freelancer again. Temporibus aequitas umbra verus voluptatibus condico abbas.,0.9885449306602679,Positive,Ignored,true
a9efeee0-5165-499c-95e5-f7ca29308f0f,8b9d9947-d2ea-4013-99e5-c22eeefc3fa4,Clayton O'Hara's Freelancer,Vanessa Cremin,Facebook,2023-12-20T10:35:33-05:00,3,Met basic expectations but didn't wow me. Aeger amissio talis talio deleniti tondeo.,0.32882852283731007,Neutral,Pending,true
19e38e8a-cf13-43ad-90e8-7ae0b9294de5,e2938283-1c5f-4c69-85e3-075cc0f51193,Elaine Mueller's Freelancer,Rebecca Parker,Google,2023-05-13T06:20:27-04:00,1,Very disappointing experience at this Freelancer. Tabella explicabo amaritudo confero patria tres ascisco allatus.,-0.4631995819537513,Negative,Ignored,false
8c22e425-27c2-4a19-9394-2f6aedad180b,e2938283-1c5f-4c69-85e3-075cc0f51193,Elaine Mueller's Freelancer,Kristopher Stroman,Google,2023-05-05T11:49:56-04:00,5,Highly recommend! Everything was perfect. Aut delinquo audeo.,0.82447506126439,Positive,Pending,true
665bcb81-8b59-435d-a53c-0f90963e8b3e,e2938283-1c5f-4c69-85e3-075cc0f51193,Elaine Mueller's Freelancer,Catherine Kassulke,Google,2023-08-29T07:00:08-04:00,1,Would not recommend. Poor service quality. Abscido exercitationem doloribus voro.,-0.5894832881254344,Negative,Ignored,true
ec98a307-cd52-49c9-a777-dba4ed6426b5,cc833a05-e40a-4db0-a7ee-cc37681dc985,Molly Grady's Retail,Rhonda Crooks,Manual Import,2023-08-04T22:00:22-04:00,2,Terrible experience - needs serious improvement. Corroboro succurro tristis summa tertius theologus vitium causa verus solium.,-0.5965108892787304,Negative,Ignored,false
562dcfb5-8d78-46b6-a973-ff1713a25399,cc833a05-e40a-4db0-a7ee-cc37681dc985,Molly Grady's Retail,Danny Block,Manual Import,2023-10-19T08:29:08-04:00,1,Would not recommend. Poor service quality. Tabgo sodalitas depulso decumbo spiculum tandem.,-0.4749678729192308,Negative,Pending,true
0735888a-058e-4a38-81b4-87c379c12226,cc833a05-e40a-4db0-a7ee-cc37681dc985,Molly Grady's Retail,Joseph Walsh,Yelp,2023-10-22T22:26:06-04:00,1,Would not recommend. Poor service quality. Tempore animi somnus utroque vindico suscipio contabesco ceno.,-0.5224615779711719,Negative,Responded,false
c1e51fd7-cae6-4abc-a405-becbe12d3241,97a44fd0-0fe6-4cd8-a532-aabc6e339c7d,Mr. Ignacio Cronin's Service,Gertrude Haley,Yelp,2023-12-14T16:33:52-05:00,1,Would not recommend. Poor service quality. Adamo ait degenero ratione.,-0.8046428072719715,Negative,Pending,false
8e63708e-09e7-4bee-846a-ccb5d12afe15,97a44fd0-0fe6-4cd8-a532-aabc6e339c7d,Mr. Ignacio Cronin's Service,Peggy Haag-Kirlin,Yelp,2023-03-06T22:51:12-05:00,4,Highly recommend! Everything was perfect. Tot depromo suscipio suspendo tutamen cunctatio adeptio tolero addo vereor.,0.990252855284445,Positive,Pending,true
a94363e4-108e-4880-a994-b8ad31285436,97a44fd0-0fe6-4cd8-a532-aabc6e339c7d,Mr. Ignacio Cronin's Service,Carolyn Greenfelder,Manual Import,2023-01-01T21:10:35-05:00,2,Very disappointing experience at this Service. Mollitia admitto benevolentia carpo.,-0.6694446265373066,Negative,Ignored,true
bfcf68d9-9e13-48aa-92a2-80509ace4953,84e46d56-429e-48c0-88e3-d0e1004de22a,Renee Bahringer's Restaurant,Johnathan MacGyver,Facebook,2023-06-30T21:41:14-04:00,5,Excellent service! Will definitely return to this Restaurant again. Apparatus fuga pecto.,0.8948583050413681,Positive,Ignored,false
0c390067-4340-41f9-8ce3-703165161b4f,84e46d56-429e-48c0-88e3-d0e1004de22a,Renee Bahringer's Restaurant,Irene Ullrich III,Manual Import,2023-06-29T12:26:22-04:00,5,Outstanding experience! The best Restaurant in town. Tamen veritatis vehemens abundans accusantium.,0.7628394693454503,Positive,Pending,true
038713ae-549e-4537-a558-354a9cbf6e97,84e46d56-429e-48c0-88e3-d0e1004de22a,Renee Bahringer's Restaurant,Geraldine Koepp,Manual Import,2023-10-12T05:25:21-04:00,1,Terrible experience - needs serious improvement. Officia pecco tui vesco fugit cras.,-0.913419929611918,Negative,Responded,false
c5f1515d-5668-4473-9b35-a7e447d5c54b,26ffcc19-5830-4005-b1a4-8d329baa4117,James Balistreri's Restaurant,Teresa Bechtelar,Yelp,2023-05-09T15:16:08-04:00,5,Excellent service! Will definitely return to this Restaurant again. Atavus acidus dolor delinquo varius cuppedia.,0.7301772556406081,Positive,Ignored,false
1ec9f8f9-fbb0-49de-af7a-7166430b85f5,26ffcc19-5830-4005-b1a4-8d329baa4117,James Balistreri's Restaurant,Angel Flatley IV,Google,2023-09-27T02:24:33-04:00,1,Very disappointing experience at this Restaurant. Beatus cometes nesciunt pel cunctatio velit cedo.,-0.45496129102543026,Negative,Responded,true
2158f62f-fba0-40a4-a60c-7be6de4c4354,26ffcc19-5830-4005-b1a4-8d329baa4117,James Balistreri's Restaurant,Angelica Medhurst V,Google,2023-10-01T14:14:44-04:00,1,Terrible experience - needs serious improvement. Cedo ter vinculum curtus curriculum porro adopto cetera.,-0.9052522637463973,Negative,Responded,false
3862b3a6-139e-4c40-af50-2598db57f780,9867a36b-57ab-4e0e-99dc-d9c53aa0386a,Luz Wisoky's Service,Patricia Wuckert,Manual Import,2023-02-09T07:35:27-05:00,4,Highly recommend! Everything was perfect. Saepe vesco culpa suppellex depraedor.,0.9766216813754175,Positive,Responded,true
c5fb08e1-d0a9-4921-aa29-480014ae4b48,9867a36b-57ab-4e0e-99dc-d9c53aa0386a,Luz Wisoky's Service,Grady Green,Manual Import,2023-03-03T08:59:22-05:00,4,Outstanding experience! The best Service in town. Argumentum triduana possimus conatus tersus fuga maiores temperantia.,0.9782726119845988,Positive,Responded,true
47f087e2-560d-48d3-a887-703b4b5eb2cb,9867a36b-57ab-4e0e-99dc-d9c53aa0386a,Luz Wisoky's Service,Sonja Daugherty,Yelp,2023-04-08T14:03:59-04:00,3,Average experience. Nothing special but not terrible. Similique nemo denique quisquam alii.,0.4025575093145169,Neutral,Responded,false
39b99b3b-99e2-47e9-9cfa-ff663246162b,249660fd-b800-45c7-b7c7-417922f6d395,Dwight Upton's Retail,Mercedes Pollich,Google,2023-07-02T15:13:36-04:00,3,Met basic expectations but didn't wow me. Tunc contego ustulo conitor capto expedita.,0.5142951505493996,Neutral,Responded,false
6aa1e86c-2447-4186-91f4-1e29d4afabcd,249660fd-b800-45c7-b7c7-417922f6d395,Dwight Upton's Retail,Heather Rodriguez,Manual Import,2023-06-20T10:45:04-04:00,1,Would not recommend. Poor service quality. Cicuta tibi auxilium.,-0.469171607130607,Negative,Responded,true
436851bd-ed3c-4cbb-bd12-d9863a1b40ab,249660fd-b800-45c7-b7c7-417922f6d395,Dwight Upton's Retail,Claire Abernathy,Facebook,2023-11-17T12:33:17-05:00,3,Average experience. Nothing special but not terrible. Laboriosam altus dolores.,-0.10553210320086545,Neutral,Responded,true
a88132fd-aaaf-4a2d-baa2-8ebafa26ccd0,0eb445fc-d62d-4410-9d09-cbed9757027c,Harold Dickens's Service,Beverly Hessel,Manual Import,2023-11-03T17:33:23-04:00,1,Terrible experience - needs serious improvement. Corpus thesis supplanto sortitus tempore cicuta perspiciatis amicitia.,-0.8140218553236063,Negative,Pending,true
3c1c497a-b5fb-4e34-a482-977d4f9b84e9,0eb445fc-d62d-4410-9d09-cbed9757027c,Harold Dickens's Service,Guillermo Balistreri,Manual Import,2023-09-13T03:38:38-04:00,3,Average experience. Nothing special but not terrible. Corporis dedecor error cohibeo cibus.,0.3695602124197945,Neutral,Responded,false
cd7138a6-757c-4ae9-9529-18a1f32acc43,0eb445fc-d62d-4410-9d09-cbed9757027c,Harold Dickens's Service,Bernice Connelly,Yelp,2023-08-20T04:07:19-04:00,2,Terrible experience - needs serious improvement. Veniam ubi deleniti uterque cibus terga conduco unde.,-0.40559355585779566,Negative,Pending,true
30b3cbf5-991b-4d01-9b2d-392af299629b,8636d043-d9f6-42f3-85c2-89dab140f74d,Sidney Moen PhD's Retail,Rosemary Cruickshank,Yelp,2023-02-28T02:08:51-05:00,4,Highly recommend! Everything was perfect. Crepusculum somniculosus perferendis.,0.7995675236094589,Positive,Ignored,false
2cdc4e0b-f402-4275-b428-7cbce09917e9,8636d043-d9f6-42f3-85c2-89dab140f74d,Sidney Moen PhD's Retail,Robyn Sipes,Yelp,2023-09-16T06:43:02-04:00,2,Very disappointing experience at this Retail. Deripio sed creptio alo quibusdam currus.,-0.8296909147322008,Negative,Ignored,true
2dee158c-af41-47c6-836e-d57560b40a64,8636d043-d9f6-42f3-85c2-89dab140f74d,Sidney Moen PhD's Retail,Floyd Fadel-Toy,Manual Import,2023-04-07T21:40:57-04:00,5,Highly recommend! Everything was perfect. Suasoria comes colo adulatio super desipio constans ars aiunt.,0.8931314126448022,Positive,Ignored,false
e1f55096-0b4f-4bc7-a9ef-7d8662edfc24,15c26042-c91b-4d0b-b2bf-7f76ae212d25,Kimberly Lubowitz-Kiehn's Restaurant,Warren Kihn,Facebook,2023-09-17T15:28:46-04:00,1,Very disappointing experience at this Restaurant. Corrupti suasoria cuppedia tergo admoneo attero alii.,-0.8712272816027072,Negative,Responded,false
abfb1224-2729-4a5b-aaec-234d09a2c917,15c26042-c91b-4d0b-b2bf-7f76ae212d25,Kimberly Lubowitz-Kiehn's Restaurant,Mr. Andy Leuschke,Yelp,2023-12-11T07:01:56-05:00,1,Very disappointing experience at this Restaurant. Aperio tricesimus explicabo fugiat vulgo vetus cuius tactus stella.,-0.5275000192834294,Negative,Responded,true
37fa8e96-31c5-497c-ae54-bcd4bb419e54,15c26042-c91b-4d0b-b2bf-7f76ae212d25,Kimberly Lubowitz-Kiehn's Restaurant,Joan Ferry,Manual Import,2023-03-21T01:37:04-04:00,3,Met basic expectations but didn't wow me. Numquam vilitas dicta patria constans arbustum vinitor amoveo distinctio.,0.27314190515781517,Neutral,Pending,true
feaa3427-e967-4bfc-99ca-04cafe2210a9,1782fe4c-1b4d-4d9c-b282-976dd10b1622,Miss Teri Sipes's Freelancer,Mattie Farrell,Manual Import,2023-01-19T12:26:25-05:00,3,Average experience. Nothing special but not terrible. Crur arbustum turbo caritas quasi corpus armarium.,0.4809617654654326,Neutral,Responded,true
747f79a1-c988-4852-8a2f-caaf7ecc1ee9,1782fe4c-1b4d-4d9c-b282-976dd10b1622,Miss Teri Sipes's Freelancer,Mandy Hessel,Yelp,2023-05-11T14:32:33-04:00,1,Terrible experience - needs serious improvement. Inflammatio versus ullam stipes venia commemoro cubitum defetiscor abstergo laudantium.,-0.7282212113182164,Negative,Responded,true
4b0cc559-4f85-4e5b-8bea-17da0351e9d0,1782fe4c-1b4d-4d9c-b282-976dd10b1622,Miss Teri Sipes's Freelancer,Kelly Hoeger,Yelp,2023-09-04T16:27:31-04:00,5,Excellent service! Will definitely return to this Freelancer again. Nihil speciosus ratione curriculum audeo pel balbus.,0.9131560170770976,Positive,Responded,true
3e2624d1-2e26-4d41-a30b-a228cf8d8416,1a904931-3a12-406e-9326-0b3a7adf865e,Rudy Bauch's Freelancer,Hector Wiza,Yelp,2023-10-08T07:43:37-04:00,1,Terrible experience - needs serious improvement. Teneo vorax vilis accedo considero cohaero.,-0.9609187842608469,Negative,Ignored,false
494fa86a-3ab1-4d28-a7d4-5b1c21bef7ca,1a904931-3a12-406e-9326-0b3a7adf865e,Rudy Bauch's Freelancer,Francis Rutherford,Manual Import,2023-08-01T03:05:05-04:00,4,Highly recommend! Everything was perfect. Laudantium capillus beatus comitatus.,0.7655213685171248,Positive,Responded,false
991688ee-90a1-4f68-bdf2-d6e87769a31f,1a904931-3a12-406e-9326-0b3a7adf865e,Rudy Bauch's Freelancer,Annette Beier,Facebook,2023-12-04T16:34:44-05:00,1,Terrible experience - needs serious improvement. Absconditus voluptas defetiscor bardus aliquam supra esse validus.,-0.6058350285758985,Negative,Ignored,true
fe300ba1-c66d-4b6d-a5cd-71551ba1c592,21e9de4c-e429-460b-a2c7-a2ef356b76f0,Timmy Sauer's Freelancer,Phillip Doyle,Yelp,2023-07-23T05:49:23-04:00,2,Terrible experience - needs serious improvement. Demulceo solus cursim.,-0.9676343014200186,Negative,Ignored,false
4316dea7-dae2-4e66-9943-5ad3777a7c34,21e9de4c-e429-460b-a2c7-a2ef356b76f0,Timmy Sauer's Freelancer,Dr. Doreen Grady,Yelp,2023-08-05T00:12:23-04:00,2,Would not recommend. Poor service quality. Tolero villa confugo quidem thymum apparatus cupiditas natus testimonium adipisci.,-0.43380754567416147,Negative,Responded,false
2732b32a-dc33-43ef-810b-dea7a01ec5eb,21e9de4c-e429-460b-a2c7-a2ef356b76f0,Timmy Sauer's Freelancer,Maureen Casper,Google,2023-09-13T12:53:54-04:00,5,Highly recommend! Everything was perfect. Amaritudo optio tepesco acies doloremque absconditus.,0.8514581034691607,Positive,Pending,false
de5cc360-918c-44d5-ba2c-6c656a5e7411,7eafca3a-e24f-4cd9-baee-bcf1dc47e91e,Ron Hyatt DVM's Restaurant,Leslie Kohler,Yelp,2023-11-27T17:39:20-05:00,4,Outstanding experience! The best Restaurant in town. Vir volutabrum reiciendis tabgo nostrum.,0.8785939326869642,Positive,Pending,false
2644bfa9-5fa4-45bb-9175-4b6d73bd2ba7,7eafca3a-e24f-4cd9-baee-bcf1dc47e91e,Ron Hyatt DVM's Restaurant,Mrs. Betty Adams MD,Yelp,2023-03-18T00:19:39-04:00,1,Terrible experience - needs serious improvement. Deserunt arcus cervus terra tego.,-0.7891359191308001,Negative,Pending,true
2be049b6-0cdc-4ef6-ba74-6f03fa093dca,7eafca3a-e24f-4cd9-baee-bcf1dc47e91e,Ron Hyatt DVM's Restaurant,Floyd Wehner,Google,2023-03-10T00:16:23-05:00,3,Average experience. Nothing special but not terrible. Tam collum consequatur ocer absconditus alioqui altus cubitum.,0.49455475820427647,Neutral,Responded,true
7c53f5de-cec2-4881-94e8-4a64c1439b46,d57acb5b-ef2d-4517-9de0-9fcb89b4265f,Mamie Hackett's Restaurant,Lawrence Romaguera,Google,2023-06-09T22:59:13-04:00,1,Would not recommend. Poor service quality. Annus suscipio stultus.,-0.9223483473081393,Negative,Pending,false
07cd12a4-be57-44fb-9477-7d303a7ba629,d57acb5b-ef2d-4517-9de0-9fcb89b4265f,Mamie Hackett's Restaurant,Garrett Kuvalis,Google,2023-03-10T13:42:29-05:00,1,Very disappointing experience at this Restaurant. Quisquam amo assentator.,-0.9113547233341442,Negative,Responded,true
2f84d0ff-6e39-42d7-94fb-a82fd82dd94a,d57acb5b-ef2d-4517-9de0-9fcb89b4265f,Mamie Hackett's Restaurant,Dr. Marcia Schaden,Manual Import,2023-08-20T17:46:02-04:00,3,Decent Restaurant, but room for improvement. Cruciamentum arto bibo.,-0.20023989840894726,Neutral,Ignored,false
ecf427cf-660b-468b-8da8-515fcb783d81,5220705b-a903-4241-ade1-74aa6735c4b8,Rafael Hauck's Service,Eugene Luettgen,Yelp,2023-01-11T18:44:37-05:00,5,Outstanding experience! The best Service in town. Advoco angulus atque astrum.,0.8682529094598002,Positive,Pending,true
8a0c3b57-f69f-42c7-88c3-47680f0098df,5220705b-a903-4241-ade1-74aa6735c4b8,Rafael Hauck's Service,Diana Steuber,Manual Import,2023-03-22T05:43:01-04:00,5,Highly recommend! Everything was perfect. Terra curia aufero peior commodo derideo.,0.8827928253250935,Positive,Responded,false
4d58f421-3a4b-40ef-8a7b-e14b99a8c99f,5220705b-a903-4241-ade1-74aa6735c4b8,Rafael Hauck's Service,Kristie Parker,Facebook,2023-12-20T20:53:34-05:00,4,Excellent service! Will definitely return to this Service again. Acidus crinis eligendi.,0.8983544339395594,Positive,Pending,false
11663254-81bd-4051-85a0-ac7ecec773b1,41c3bb57-7e23-4ad0-8a39-ac894354c5e7,Cathy Brekke's Retail,Shannon Russel,Yelp,2023-06-27T15:05:21-04:00,5,Highly recommend! Everything was perfect. Aestas decens tabesco vorago acidus tardus commodo sordeo testimonium occaecati.,0.8817874459201779,Positive,Ignored,true
5b12cf67-9984-42c1-bcf3-9abd3bd2d0e5,41c3bb57-7e23-4ad0-8a39-ac894354c5e7,Cathy Brekke's Retail,Samantha Breitenberg,Yelp,2023-11-28T22:05:37-05:00,4,Highly recommend! Everything was perfect. Bibo adsum tenetur cognomen damnatio decumbo tametsi.,0.9196848133359267,Positive,Responded,false
59cfbd5b-1d6a-4264-afe4-76ce9e75721c,41c3bb57-7e23-4ad0-8a39-ac894354c5e7,Cathy Brekke's Retail,Gretchen Sawayn,Google,2023-12-03T00:36:03-05:00,4,Excellent service! Will definitely return to this Retail again. Utroque culpo animi.,0.9354644108603477,Positive,Ignored,true
5ab839f7-a07c-4ead-b35c-5774d81e60c7,d704c7f6-33bd-42d3-a38c-29345105c3d3,Krystal Kunde's Freelancer,Herbert Hahn,Facebook,2023-11-15T19:16:03-05:00,1,Terrible experience - needs serious improvement. Suspendo defleo denique sumo censura.,-0.8299095263245364,Negative,Responded,false
75a5b590-9945-43a3-9949-b82609d58f66,d704c7f6-33bd-42d3-a38c-29345105c3d3,Krystal Kunde's Freelancer,Angelina Considine,Yelp,2023-07-26T03:14:25-04:00,3,Met basic expectations but didn't wow me. Ocer vito harum audacia velit decumbo deficio comprehendo.,0.32732803764183177,Neutral,Pending,false
2a0a4adb-5dc0-4cf6-b895-64d54a1e6682,d704c7f6-33bd-42d3-a38c-29345105c3d3,Krystal Kunde's Freelancer,Jamie Brakus,Google,2023-08-30T16:40:15-04:00,1,Would not recommend. Poor service quality. Centum nihil contra.,-0.6461850008185648,Negative,Ignored,true
f9cfa347-8594-4190-82f3-ba88dbd438be,84ff553f-f355-454a-948e-9e6651298da9,Kurt Spencer's Freelancer,Alvin Rodriguez,Facebook,2023-10-26T14:32:25-04:00,1,Terrible experience - needs serious improvement. Vir adipiscor agnitio quae tener vulgo deprecator conservo testimonium cribro.,-0.46110391627354264,Negative,Pending,true
3d0724b3-912d-413a-802d-b222755b5d42,84ff553f-f355-454a-948e-9e6651298da9,Kurt Spencer's Freelancer,Gladys Kirlin,Google,2023-04-17T01:05:23-04:00,5,Highly recommend! Everything was perfect. Adulatio pel alveus tredecim cur pauci similique sublime.,0.8283619898855966,Positive,Ignored,true
e8f6cac8-1604-4683-be91-a188976078c1,84ff553f-f355-454a-948e-9e6651298da9,Kurt Spencer's Freelancer,Taylor Jacobs,Yelp,2023-02-23T19:34:23-05:00,5,Highly recommend! Everything was perfect. Summopere crur caritas synagoga adamo commodi ter aduro.,0.7453196702730891,Positive,Responded,true
2d00ac3e-0e05-4a4e-929c-c4d12f2a8be4,ce9b9726-ed80-4b35-85cf-33d0a2a3e884,Dr. Rolando Pfannerstill's Service,Sheryl Gerhold,Yelp,2023-05-29T11:24:34-04:00,2,Terrible experience - needs serious improvement. Umquam admoveo sapiente adeptio occaecati beatus stips artificiose tutis suffragium.,-0.746357835871779,Negative,Pending,false
e2eb1ef3-1be0-4d11-bdcc-4d082922e1a3,ce9b9726-ed80-4b35-85cf-33d0a2a3e884,Dr. Rolando Pfannerstill's Service,Roger Kris,Yelp,2023-05-16T19:48:59-04:00,5,Outstanding experience! The best Service in town. Decimus audentia minima tricesimus vulticulus cubitum.,0.9381782314776383,Positive,Ignored,true
8b1fad86-b6ba-4f96-9676-790c358b5165,ce9b9726-ed80-4b35-85cf-33d0a2a3e884,Dr. Rolando Pfannerstill's Service,Ms. Hazel Haley,Manual Import,2023-04-16T06:17:11-04:00,1,Would not recommend. Poor service quality. Clibanus veritatis spectaculum sordeo caries claudeo deficio conor concedo.,-0.683594639158086,Negative,Responded,true
a2bd9e16-c541-4e60-8b92-fb42d62f3038,cf0c9310-062f-45b5-b1c7-3c8591541c10,Zachary Tillman's Restaurant,Mr. Pedro Jast,Yelp,2023-08-27T13:41:09-04:00,5,Excellent service! Will definitely return to this Restaurant again. Utilis timidus quisquam denego sollers.,0.8421506964850548,Positive,Ignored,true
5d902c15-5e4b-4413-84d8-49b06f22c03a,cf0c9310-062f-45b5-b1c7-3c8591541c10,Zachary Tillman's Restaurant,Marcella Wiegand,Google,2023-08-24T09:39:28-04:00,1,Very disappointing experience at this Restaurant. Deinde cavus vicissitudo astrum conduco thermae vel ascisco vulariter.,-0.41337336405886427,Negative,Ignored,false
c13cb7d5-75fb-49f1-9b55-6c92aaa04645,cf0c9310-062f-45b5-b1c7-3c8591541c10,Zachary Tillman's Restaurant,Dr. Wilson Toy,Google,2023-07-12T22:31:51-04:00,2,Very disappointing experience at this Restaurant. Video rem fuga clamo depulso.,-0.8277370894723187,Negative,Ignored,true
259b8ecb-ae78-4833-a323-78e07d281005,052cde1b-7d8f-4916-9699-7c765162ba1f,Amy Breitenberg's Retail,Mr. Lorenzo Aufderhar,Google,2023-05-17T07:38:38-04:00,1,Terrible experience - needs serious improvement. Sulum dignissimos totam terga via suasoria acervus aureus ait.,-0.7873843724610778,Negative,Ignored,true
3aa5e4ac-9ff2-49c5-a5ba-98eb1ec71bab,052cde1b-7d8f-4916-9699-7c765162ba1f,Amy Breitenberg's Retail,Shelia Bruen,Manual Import,2023-03-09T02:35:58-05:00,3,Decent Retail, but room for improvement. Arcesso corrupti auxilium vorax subvenio aperio thermae approbo vindico.,0.27696009187246756,Neutral,Pending,true
cb71814e-5c60-4139-81a3-861158171456,052cde1b-7d8f-4916-9699-7c765162ba1f,Amy Breitenberg's Retail,Hazel Jenkins-Vandervort,Facebook,2023-01-08T05:32:13-05:00,2,Would not recommend. Poor service quality. Eveniet abutor succurro venia accedo curtus soluta.,-0.7503842827874796,Negative,Responded,false
966ff64f-a078-47d6-9fe7-1802a918ae9d,689f17cd-1343-45e8-a218-e2364795f593,Holly Stiedemann's Restaurant,Courtney Kerluke,Yelp,2023-01-27T07:24:07-05:00,4,Highly recommend! Everything was perfect. Videlicet triduana denuncio cimentarius.,0.9591244137894059,Positive,Ignored,false
89352ee5-e5cc-4dbe-82e8-af644df4e24a,689f17cd-1343-45e8-a218-e2364795f593,Holly Stiedemann's Restaurant,Wilson Cole MD,Google,2023-05-11T02:57:34-04:00,5,Outstanding experience! The best Restaurant in town. Animadverto trepide adeo venustas.,0.9661703862477187,Positive,Pending,true
2755e602-2b7e-44e3-b070-8ff09b58332d,689f17cd-1343-45e8-a218-e2364795f593,Holly Stiedemann's Restaurant,Carole Rosenbaum,Facebook,2023-03-17T03:28:06-04:00,3,Met basic expectations but didn't wow me. Caput doloremque subvenio damno repellat contigo universe abutor charisma.,0.23436966824833033,Neutral,Ignored,true
ecaebbb4-af10-47a6-bd46-5734ae73218f,c64083e8-efb4-44d4-9bee-8d1469fe5f56,Hubert Rohan-Leffler's Retail,Amelia Upton,Yelp,2023-06-18T03:18:58-04:00,5,Excellent service! Will definitely return to this Retail again. Comprehendo creta depraedor comedo vis cras.,0.934801057653839,Positive,Pending,false
97ed9f0d-37b1-419e-813f-4233b1388a30,c64083e8-efb4-44d4-9bee-8d1469fe5f56,Hubert Rohan-Leffler's Retail,Mr. Brian Simonis,Yelp,2023-05-08T17:43:18-04:00,3,Average experience. Nothing special but not terrible. Cuius arguo vulpes corrumpo utilis demonstro thalassinus studio amor.,0.03176121855037373,Neutral,Ignored,true
15e8ae15-8696-4149-b100-2e7f7b7e9874,c64083e8-efb4-44d4-9bee-8d1469fe5f56,Hubert Rohan-Leffler's Retail,Meghan Emmerich,Facebook,2023-03-18T12:36:16-04:00,4,Highly recommend! Everything was perfect. Adulatio curiositas tam carpo textor votum.,0.7361243852748236,Positive,Pending,false
0bd69eef-60b4-416d-8ea3-fe6e1e05e35f,731640d1-309c-41e6-ab62-8ce843ed6886,Dr. Marcella Hoeger's Freelancer,Harriet Conn,Google,2023-04-03T09:12:50-04:00,3,Average experience. Nothing special but not terrible. Subito tendo apud defungo cunae cilicium ventus.,0.4898417428138285,Neutral,Pending,true
44df2818-232a-43aa-a9b1-5c3dda70a660,731640d1-309c-41e6-ab62-8ce843ed6886,Dr. Marcella Hoeger's Freelancer,Lindsay Herman,Facebook,2023-11-20T11:52:12-05:00,5,Excellent service! Will definitely return to this Freelancer again. Verbum subseco valde.,0.7785699421398231,Positive,Responded,true
afd33907-ff69-45e3-a190-1bd29fc2c3ad,731640d1-309c-41e6-ab62-8ce843ed6886,Dr. Marcella Hoeger's Freelancer,Mark Deckow Sr.,Yelp,2023-08-03T22:14:19-04:00,4,Excellent service! Will definitely return to this Freelancer again. Attonbitus cogito audacia crur celebrer laboriosam spero adicio facere unus.,0.8357031096518686,Positive,Ignored,true
ab25ac29-af47-49b8-861f-ba98bc92e994,f9580f4b-494d-4eb5-997b-fb747f5e12c4,Andrew Ryan's Freelancer,Harvey Buckridge,Google,2023-06-23T06:17:53-04:00,5,Highly recommend! Everything was perfect. Depraedor quis aveho tero alter dolorum sit.,0.8473680653449661,Positive,Responded,true
0878bf93-2961-4a15-902f-8f5bfbb367d7,f9580f4b-494d-4eb5-997b-fb747f5e12c4,Andrew Ryan's Freelancer,Raquel Lubowitz-Powlowski,Facebook,2023-06-24T07:56:35-04:00,4,Outstanding experience! The best Freelancer in town. Supra hic commodi adimpleo deporto coadunatio trucido angustus conatus arbustum.,0.7571233848160243,Positive,Responded,true
70ea5d75-d9cc-4df2-9235-2b9f93b79dfa,f9580f4b-494d-4eb5-997b-fb747f5e12c4,Andrew Ryan's Freelancer,Ernest Kshlerin,Facebook,2023-09-08T05:19:29-04:00,1,Would not recommend. Poor service quality. Autus sumo laudantium crux theatrum aer quo accedo.,-0.4396763080889685,Negative,Ignored,true
b9b8662d-3008-49f5-90d5-38da18b100aa,73e4ce0d-678d-4fd2-96d7-b74e9df1b3a5,Charlotte Pfannerstill's Restaurant,Dallas Schmeler,Yelp,2023-06-08T17:04:09-04:00,2,Terrible experience - needs serious improvement. Utique corrigo tamdiu ducimus sophismata veritas aranea vinco ait.,-0.8040657930291442,Negative,Ignored,false
551906cc-ba44-4738-89fb-ef7b6aaf90b1,73e4ce0d-678d-4fd2-96d7-b74e9df1b3a5,Charlotte Pfannerstill's Restaurant,Jordan Littel,Facebook,2023-02-05T06:18:10-05:00,5,Highly recommend! Everything was perfect. Certe cuius defendo crastinus angelus.,0.7678300892520397,Positive,Ignored,false
f056d4bd-c147-4435-a85b-d0b6136e61f6,73e4ce0d-678d-4fd2-96d7-b74e9df1b3a5,Charlotte Pfannerstill's Restaurant,Noah Schmidt,Google,2023-04-18T21:01:46-04:00,2,Very disappointing experience at this Restaurant. Uredo adversus carcer.,-0.9528348890331825,Negative,Pending,true
f43a8570-21e1-45f2-813d-65326fe3a9b7,0296485b-40de-4efc-b5b1-fcccd210f701,Rafael Jacobi's Restaurant,Mr. Kim Terry-Jaskolski,Yelp,2023-02-03T03:52:56-05:00,1,Terrible experience - needs serious improvement. Voro conqueror ademptio caterva.,-0.8625711735685403,Negative,Ignored,false
08588d06-d78d-4743-8f7d-decb79321e1b,0296485b-40de-4efc-b5b1-fcccd210f701,Rafael Jacobi's Restaurant,Debra Batz,Google,2023-04-08T01:18:21-04:00,4,Highly recommend! Everything was perfect. Utique dedico vesco veritatis solutio spiculum.,0.7570495450332635,Positive,Pending,true
414e58db-12c9-482a-a598-0796fc2fdd11,0296485b-40de-4efc-b5b1-fcccd210f701,Rafael Jacobi's Restaurant,Heidi Gerlach,Yelp,2023-06-22T08:36:38-04:00,3,Average experience. Nothing special but not terrible. Doloribus strues quibusdam reiciendis valeo aufero.,0.3521330967732775,Neutral,Ignored,true
240fa552-1d1e-42c2-8a92-fc8d6c7df8e7,5144033b-f08c-497f-a8a9-ca22d923264c,Darla Blick's Freelancer,Iris Upton,Facebook,2023-05-12T02:59:57-04:00,2,Terrible experience - needs serious improvement. Spectaculum cunabula ipsum allatus itaque corrumpo.,-0.9657557261494356,Negative,Pending,true
9c25ee5c-f0c5-489b-a27f-984318e0de65,5144033b-f08c-497f-a8a9-ca22d923264c,Darla Blick's Freelancer,Flora Kozey,Facebook,2023-08-20T03:06:20-04:00,4,Outstanding experience! The best Freelancer in town. Vomer error cunae adipiscor timor arto adipisci.,0.7303833881463396,Positive,Pending,true
5a1cbca9-5bdc-4ac4-898f-64090e3f6aed,5144033b-f08c-497f-a8a9-ca22d923264c,Darla Blick's Freelancer,Mario Rodriguez-Klocko,Manual Import,2023-06-12T23:49:19-04:00,2,Terrible experience - needs serious improvement. Appositus tener tutamen teneo solium auxilium.,-0.6508424353530202,Negative,Responded,true
df38de9c-9e0a-49a5-874d-457b293c9507,ec6a7029-7e62-4d0e-bc70-321f335c823e,Reginald Gottlieb's Service,Miss Emma McKenzie,Yelp,2023-07-27T22:37:39-04:00,2,Terrible experience - needs serious improvement. Versus condico cupiditate verus abscido uredo vilis colligo eius.,-0.8906926747756975,Negative,Responded,true
adebf9a3-7ad7-4ebd-ab2b-e89c1a1cb1dd,ec6a7029-7e62-4d0e-bc70-321f335c823e,Reginald Gottlieb's Service,Timmy Lindgren,Facebook,2023-07-22T02:19:37-04:00,5,Outstanding experience! The best Service in town. Sum suppellex aperiam commodo.,0.9663025105152234,Positive,Ignored,false
3c04ba3d-075f-403c-be19-9afebcdc5b03,ec6a7029-7e62-4d0e-bc70-321f335c823e,Reginald Gottlieb's Service,Bobby Kassulke,Google,2023-09-16T02:21:25-04:00,5,Outstanding experience! The best Service in town. Suasoria una eum debitis.,0.907982123225202,Positive,Responded,false
3d5bb111-7a59-4428-9bdf-670c99dcbe68,0cb5cdb4-e378-4434-901d-a4c2a20de138,Alan Kulas's Service,Angelo Schaefer,Yelp,2023-10-01T17:12:28-04:00,5,Excellent service! Will definitely return to this Service again. Tantillus fugiat vorax somnus ulciscor adnuo delibero talus quia sufficio.,0.7822971170007655,Positive,Ignored,true
7fa79e02-e4f3-4e09-9ce6-32eec324c43b,0cb5cdb4-e378-4434-901d-a4c2a20de138,Alan Kulas's Service,Mr. Carlos McGlynn,Yelp,2023-12-04T04:43:48-05:00,1,Terrible experience - needs serious improvement. Tepidus ambitus adhaero non neque valde subito ulterius.,-0.7059095981388811,Negative,Pending,false
6e6c1750-0290-4b1e-aee9-6340afcd5343,0cb5cdb4-e378-4434-901d-a4c2a20de138,Alan Kulas's Service,Clay Gerhold,Google,2023-10-20T09:32:21-04:00,2,Very disappointing experience at this Service. Beatae natus turba deleo velum apud decumbo vigilo.,-0.5675074762866185,Negative,Responded,false
55c5d306-aba3-46a8-b26a-13c56debf425,89482ed6-cd56-49dc-98bc-e6804d42c931,Taylor Rosenbaum I's Freelancer,Mr. Julian Wilderman,Yelp,2023-05-25T09:29:34-04:00,5,Excellent service! Will definitely return to this Freelancer again. Angulus spiculum convoco quia incidunt.,0.8907960857407865,Positive,Ignored,false
37becfd8-8402-48b4-99ac-67acd73240b7,89482ed6-cd56-49dc-98bc-e6804d42c931,Taylor Rosenbaum I's Freelancer,Dixie Kreiger PhD,Yelp,2023-07-03T05:38:12-04:00,5,Outstanding experience! The best Freelancer in town. Facilis spero sono.,0.9920034086925531,Positive,Pending,true
608afeb4-d7f9-4164-8a33-166910425c8e,89482ed6-cd56-49dc-98bc-e6804d42c931,Taylor Rosenbaum I's Freelancer,Marion Harvey,Google,2023-04-26T22:40:42-04:00,5,Outstanding experience! The best Freelancer in town. Aeternus patior vesco succedo.,0.7933851090180222,Positive,Responded,false
b354b776-396f-4c2b-bb0b-daab5d309e36,5cbca0d3-3c62-41f5-863a-4cd6cb1ce483,Mr. Russell Koelpin DDS's Freelancer,Miss Sally Funk,Facebook,2023-06-05T20:20:17-04:00,5,Excellent service! Will definitely return to this Freelancer again. Talio acerbitas confido alter strenuus vobis qui.,0.957629687238012,Positive,Responded,true
5d0939d3-59df-40ce-aaa6-a496b552060c,5cbca0d3-3c62-41f5-863a-4cd6cb1ce483,Mr. Russell Koelpin DDS's Freelancer,Alexis Fay I,Google,2023-04-23T09:38:05-04:00,5,Excellent service! Will definitely return to this Freelancer again. Asporto terror admoveo veniam nihil ter.,0.9751794955013772,Positive,Ignored,false
21610013-473f-4dc9-a1e1-542496bbcf83,5cbca0d3-3c62-41f5-863a-4cd6cb1ce483,Mr. Russell Koelpin DDS's Freelancer,Mr. Pete McLaughlin,Yelp,2023-08-17T03:07:03-04:00,2,Very disappointing experience at this Freelancer. Apud bardus enim vitae credo aptus iure.,-0.9617550752735639,Negative,Ignored,true
1be39ad2-d68d-42e1-b66f-e2c1ed30d959,9210c54c-fb21-4a69-a67d-78bf1d6ad7fa,Mathew Schultz's Restaurant,Cody Blick,Google,2023-08-23T09:10:31-04:00,2,Would not recommend. Poor service quality. Vis claustrum laboriosam venia civis averto suppellex abeo tempore.,-0.8230884084660421,Negative,Ignored,false
84bc2de3-859a-4f16-b86f-244c94383c60,9210c54c-fb21-4a69-a67d-78bf1d6ad7fa,Mathew Schultz's Restaurant,Roland Klein,Yelp,2023-04-03T02:45:52-04:00,1,Would not recommend. Poor service quality. Tum appello excepturi.,-0.6284250572459167,Negative,Pending,false
dd06b0f3-39af-49aa-92d5-60b56b3b2935,9210c54c-fb21-4a69-a67d-78bf1d6ad7fa,Mathew Schultz's Restaurant,Earnest Koss,Manual Import,2023-12-06T10:59:54-05:00,1,Terrible experience - needs serious improvement. Adiuvo beatae spargo rem cura thema doloribus sui quidem.,-0.5636779878555298,Negative,Pending,true
639958d3-3344-4eca-8625-c37f91134047,42dd62f6-ce60-4695-9df2-6367a5e47dd9,Terrence Bauch's Restaurant,Dale Zemlak,Manual Import,2023-10-14T04:18:29-04:00,1,Very disappointing experience at this Restaurant. Quisquam caelum somnus suggero.,-0.8781583690643515,Negative,Responded,true
477075e4-fa54-4c59-9870-39a49e204887,42dd62f6-ce60-4695-9df2-6367a5e47dd9,Terrence Bauch's Restaurant,Curtis Ritchie,Google,2023-06-27T01:53:32-04:00,4,Highly recommend! Everything was perfect. Astrum tracto aro theologus.,0.9745784950573,Positive,Responded,false
25e9e477-c0ab-4297-b8e7-301ca020fe8d,42dd62f6-ce60-4695-9df2-6367a5e47dd9,Terrence Bauch's Restaurant,Dr. Laura Strosin,Manual Import,2023-02-27T17:06:17-05:00,2,Very disappointing experience at this Restaurant. Tabula coruscus bibo conor desipio decumbo appello cultellus ventosus.,-0.7386891806974063,Negative,Pending,false
5612d6c0-45e5-4526-b283-f0238c7269ba,b24434df-d0d5-4351-ae3f-cbeee986d7ae,Henrietta Connelly's Retail,Sammy Cummerata,Yelp,2023-01-14T04:58:17-05:00,2,Terrible experience - needs serious improvement. Coniuratio cariosus thalassinus candidus vulgus aduro.,-0.9698020950203956,Negative,Pending,true
09b312b7-6ae6-421d-8f1e-978eac75f8c7,b24434df-d0d5-4351-ae3f-cbeee986d7ae,Henrietta Connelly's Retail,Miss Daisy Purdy I,Yelp,2023-01-02T17:50:02-05:00,3,Decent Retail, but room for improvement. Viriliter somniculosus cicuta celer.,0.19934541028224967,Neutral,Pending,true
eea81ebf-4fdf-4954-b45a-ce79f8cae1db,b24434df-d0d5-4351-ae3f-cbeee986d7ae,Henrietta Connelly's Retail,Loren Keebler,Google,2023-10-07T09:19:25-04:00,5,Highly recommend! Everything was perfect. Alias vivo amita tempore vespillo video harum sequi.,0.7205778883637628,Positive,Responded,true
361dbe62-1649-41df-b511-8c6fa3a35192,4fd77fa9-e7ab-4e7e-946c-9bde112f49fd,Alonzo Erdman's Retail,Wilbert Spinka,Facebook,2023-11-01T08:41:26-04:00,2,Very disappointing experience at this Retail. Suffoco tot auditor traho caput aliquid ullam valens molestiae.,-0.7139143487652697,Negative,Responded,false
0a7a4688-a2c9-451f-80a1-c56ba609e127,4fd77fa9-e7ab-4e7e-946c-9bde112f49fd,Alonzo Erdman's Retail,Mitchell Hilll,Google,2023-05-28T23:48:48-04:00,5,Highly recommend! Everything was perfect. Tantillus calamitas tyrannus cursus.,0.9788506549788216,Positive,Pending,true
f28ff253-67a3-4647-ad5a-ba04236d6a42,4fd77fa9-e7ab-4e7e-946c-9bde112f49fd,Alonzo Erdman's Retail,Cedric Boehm,Google,2023-03-03T21:04:43-05:00,3,Decent Retail, but room for improvement. Cubo vinculum cenaculum volubilis via calculus tripudio sortitus adulescens cras.,-0.17374389236521123,Neutral,Ignored,false
bc6c982f-82da-4b33-a69b-2b8d4023beac,ef6c362f-8821-45c9-a8a7-91af2349312c,Danny Gleichner's Restaurant,Marsha Hettinger,Yelp,2023-01-06T05:27:32-05:00,2,Would not recommend. Poor service quality. Pel asper auctor patrocinor suus ater.,-0.756915665696863,Negative,Responded,false
c5fba31a-7219-4f40-8530-2aef0bf027a4,ef6c362f-8821-45c9-a8a7-91af2349312c,Danny Gleichner's Restaurant,Lela Kuhn-Lebsack,Yelp,2023-10-23T06:05:32-04:00,4,Outstanding experience! The best Restaurant in town. Aliquam viscus audio custodia suscipio vulgivagus.,0.9055696035948949,Positive,Ignored,false
8e8e8cf7-d56e-4826-a5ec-0a6ce25558ec,ef6c362f-8821-45c9-a8a7-91af2349312c,Danny Gleichner's Restaurant,Garry D'Amore,Yelp,2023-07-07T18:26:43-04:00,4,Outstanding experience! The best Restaurant in town. Numquam admitto spoliatio.,0.7331185654867833,Positive,Responded,false
9e20a9e3-ed02-4d74-895d-2288b75e51bb,5f872ac8-8fe7-4422-9626-4f42e07997ff,Ralph Greenholt's Retail,Isabel Reynolds,Facebook,2023-10-09T05:34:58-04:00,5,Highly recommend! Everything was perfect. Cupiditate totidem tactus animadverto depopulo appello amitto.,0.9361890780959443,Positive,Pending,false
6a1e085b-682b-4a1e-b1c2-876999804505,5f872ac8-8fe7-4422-9626-4f42e07997ff,Ralph Greenholt's Retail,Christie Schiller,Yelp,2023-07-14T15:56:15-04:00,4,Highly recommend! Everything was perfect. Dedecor balbus adstringo stips combibo caput tergeo tamisium labore.,0.72919662436955,Positive,Ignored,false
690efd9c-8b47-4fec-9501-0b32637b6ea1,5f872ac8-8fe7-4422-9626-4f42e07997ff,Ralph Greenholt's Retail,Violet Medhurst,Facebook,2023-09-11T16:23:47-04:00,2,Terrible experience - needs serious improvement. Cunae constans carpo.,-0.6155338421385392,Negative,Responded,false
492c0248-bce3-45f0-888d-1b4009e2fcd1,a533b78f-c1e7-43ea-aaf0-e36b285f46f3,Kristina Heidenreich's Service,Archie Flatley,Facebook,2023-02-10T22:10:23-05:00,1,Very disappointing experience at this Service. Aegrotatio cunctatio recusandae cetera sperno vapulus tribuo.,-0.9808086933786826,Negative,Ignored,false
e36ade75-1bea-41c3-a20b-638335d214c7,a533b78f-c1e7-43ea-aaf0-e36b285f46f3,Kristina Heidenreich's Service,Vickie Mills,Manual Import,2023-05-16T10:59:52-04:00,4,Highly recommend! Everything was perfect. Spero conatus aegrus delinquo laborum.,0.8023501734603321,Positive,Ignored,true
d51ca2bd-e2f4-4289-81fb-743001ee8070,a533b78f-c1e7-43ea-aaf0-e36b285f46f3,Kristina Heidenreich's Service,Darlene Moen,Google,2023-10-03T08:46:57-04:00,1,Terrible experience - needs serious improvement. Textor tamdiu conitor utique uberrime thermae verus.,-0.4935272293148828,Negative,Pending,false
5e3dbd95-1e40-4ce5-81f6-bce031f5a74b,20c5db26-f883-4b22-b7cb-7d8b69106c0b,Ellen Renner's Service,Clay Franey,Facebook,2023-12-24T13:01:09-05:00,2,Would not recommend. Poor service quality. Torrens amoveo est repellat totam.,-0.7141058110783511,Negative,Pending,true
f0095df4-92bb-4eef-a9e8-b0666c6ed3b2,20c5db26-f883-4b22-b7cb-7d8b69106c0b,Ellen Renner's Service,Mr. Danny Greenfelder,Google,2023-10-25T13:11:42-04:00,2,Terrible experience - needs serious improvement. Earum clibanus ambulo comparo.,-0.9111456658936136,Negative,Responded,true
cc2a854e-62dd-426b-a3ab-fccd7b5fbfd9,20c5db26-f883-4b22-b7cb-7d8b69106c0b,Ellen Renner's Service,Becky Sporer,Google,2023-03-03T14:02:20-05:00,3,Decent Service, but room for improvement. Vapulus pecus bardus sponte perspiciatis blanditiis.,0.38712794511614096,Neutral,Responded,true
4e7e2af5-71a0-44cd-a4eb-93d16737986d,7096c7ba-f59b-4e6e-b1ed-560b93786b87,Crystal Torphy's Retail,Christine Hodkiewicz,Facebook,2023-05-20T11:33:17-04:00,4,Excellent service! Will definitely return to this Retail again. Enim aeger sapiente totam delinquo eum vis ventosus sint.,0.8404322442333002,Positive,Pending,false
370c1309-e744-4c3a-9bc8-e8533a6bd15e,7096c7ba-f59b-4e6e-b1ed-560b93786b87,Crystal Torphy's Retail,Miss Lora Parisian,Yelp,2023-09-25T19:00:40-04:00,2,Terrible experience - needs serious improvement. Veritatis universe subito soluta tergiversatio eum arbor vestrum.,-0.9885158485932328,Negative,Pending,false
3a384d20-ef64-447a-8b56-597f4841f158,7096c7ba-f59b-4e6e-b1ed-560b93786b87,Crystal Torphy's Retail,Dr. Theodore Parisian,Yelp,2023-04-24T02:07:11-04:00,2,Terrible experience - needs serious improvement. Adimpleo defaeco veniam tripudio bos currus vindico enim decumbo.,-0.5242100274647854,Negative,Pending,false